Requisito,Ley de IA UE,LFPDPPP México,NIST AI RMF,Aplica a mi proyecto,Acción
1. Informar a las personas que interactúan con un sistema de IA,"Obligatorio — Art. 50(1): si el sistema interactúa directamente con personas (ej. un chatbot de alertas), debe informarles que es IA","No aplica directamente (la LFPDPPP regula datos personales, no interacción con IA)",Recomendado — función Gobernar (transparencia hacia usuarios),"Parcial — el sistema no interactúa en vivo con personas, pero si se genera una alerta automática a propietarios, aplicaría","Si se implementa notificación automática de riesgo, incluir aviso de que fue generada por un modelo de IA"
2. Obtener consentimiento antes de recolectar datos personales,"No aplica directamente (materia de GDPR, no de la Ley de IA)","Obligatorio — principio de consentimiento (LFPDPPP 2025), aplica si D3 o D5 identifican a un propietario",Recomendado — función Gobernar (bases legales del dato usado),Sí — D3 (ubicación) y D5 (historial de incendios) pueden vincularse a un propietario identificable,Obtener consentimiento del propietario antes de incorporar su inmueble al sistema de predicción
3. Publicar un aviso de privacidad con finalidades declaradas,No aplica directamente,Obligatorio — principio de información (LFPDPPP 2025),Recomendado — función Gobernar (documentación de finalidad),Sí — se recolectan datos de inmuebles vinculables a propietarios,Publicar aviso de privacidad al dar de alta cada inmueble en el sistema
4. Recolectar solo los datos necesarios para la finalidad (proporcionalidad),Obligatorio (parcial) — Art. 10: gobernanza de datos exige minimización para sistemas de alto riesgo,Obligatorio — principio de proporcionalidad (LFPDPPP 2025),Recomendado — función Gestionar (minimización como control de riesgo),"Sí — no se recolectan datos de los ocupantes del inmueble, solo del inmueble y el historial de incidentes","Mantener el modelo solo con D1, D2, D3 generalizado, D4 y D5 agregado; no incorporar datos de ocupantes"
5. Documentar los riesgos del sistema antes de desplegarlo,Obligatorio — Art. 9: sistema de gestión de riesgos documentado para sistemas de alto riesgo,No aplica directamente,Obligatorio (como buena práctica) — función Mapear y Medir,Sí — este diagrama y esta matriz documentan el flujo de datos y los riesgos del sistema,"Mantener versionados en el repositorio el diagrama, la matriz y la política, actualizándolos cada semestre"
6. Permitir supervisión humana sobre decisiones automatizadas,Obligatorio — Art. 14: los sistemas de alto riesgo deben permitir supervisión humana efectiva,Relacionado — Art. 26 fracción II (derecho a oponerse a tratamiento automatizado sin intervención humana),Recomendado — función Gestionar (supervisión humana como control),Sí — el modelo solo genera un nivel de riesgo; un experto en protección civil decide si actuar,Documentar que ninguna acción correctiva se ejecuta automáticamente sin revisión de un inspector humano
7. Definir un plazo de retención y un procedimiento de eliminación,No aplica directamente,Obligatorio — principio de calidad y finalidad (LFPDPPP 2025),Recomendado — función Gestionar (ciclo de vida del dato como control de riesgo),Sí — se definió un plazo de 10 años por requerimiento legal/de seguro,Documentar el plazo de 10 años y el procedimiento de borrado seguro en la política de datos
8. Evaluar y mitigar sesgos que afecten a grupos de personas,Obligatorio — Art. 10: los datos de entrenamiento deben evaluarse para detectar sesgos,No aplica directamente,Obligatorio (como buena práctica) — función Medir (métricas de equidad),Sí — hay que revisar que el modelo no marque de forma desproporcionada como 'alto riesgo' a zonas de menores ingresos solo por tener construcciones más antiguas (D1),Revisar periódicamente si el modelo correlaciona 'alto riesgo' con zonas socioeconómicas específicas sin justificación técnica
9. Permitir que una persona se oponga a una decisión tomada sin intervención humana,"Obligatorio (relacionado) — Art. 14, junto con el derecho a impugnar decisiones automatizadas","Obligatorio — Art. 26, fracción II LFPDPPP 2025: derecho a oponerse a tratamiento automatizado con efectos significativos",Recomendado — función Gobernar (mecanismos de recurso para los afectados),"Sí — si un inmueble es clasificado erróneamente como 'alto riesgo' (afectando seguro o valor), el propietario debe poder apelar",Crear un canal donde el propietario pueda solicitar revisión humana de la clasificación de riesgo de su inmueble
10. Clasificar correctamente el sistema como de alto riesgo si aplica (infraestructura crítica),"Obligatorio — Anexo III, punto 2: sistemas usados como componentes de seguridad en infraestructura crítica (incluye gestión de riesgo de incendios) se consideran de alto riesgo",No aplica directamente (la LFPDPPP no clasifica sistemas de IA por nivel de riesgo),Obligatorio (como buena práctica) — función Mapear (categorización del sistema),Sí — un sistema de predicción de incendios en edificios puede calificar como componente de seguridad de infraestructura crítica,"Evaluar formalmente con el equipo si el sistema cae en el Anexo III y, de ser así, preparar la documentación de conformidad correspondiente"
11. Conservar un registro (log) de cómo opera el sistema de IA,Obligatorio — Art. 12: registro automático de eventos (logging) para sistemas de alto riesgo,No aplica directamente,Recomendado — función Medir (trazabilidad del sistema),Sí — se necesita saber qué versión del modelo generó cada nivel de riesgo y con qué datos,"Guardar en el repositorio un registro de cada predicción generada, con fecha, versión del modelo y datos de entrada usados"
